Oil_Field,Temp_C,pH,Alkalinity_CaCO3,As,B,Ba,Br,HCO3,Ca,Cl,Fe,K,Li,Mg,Mn,Na,SO4,Se,Sr,NH3,NH4,NO3,n
ANTELOPE HILLS,27,7.705,2200,13.5,18,1.05,23,2562,14.5,3700,0.19,30,0.56,13,14,3400,42,45,3.2,NA,NA,4.2528,86
BELGIAN ANTICLINE,21,7.81,915,52.5,61.5,3.45,34,1116.3,230,8550,0.2,96,2.5,85.5,170,5550,150,160,6.8,100,100,15.062,22
COALINGA,21,7.52,710,19.9,59,0.35,9.9,854,47,1800,0.125,51,0.75,35,110,1700,620,22,1.8,21.84015,NA,4.43,121
EDISON,28.2,7.824999999999999,360,26,12,1.1,1.3,450.18,140,1900,1.7,17,0.59,21,140,1200,1.8,31,2.6,2.04,2,2.8,35
MIDWAY-SUNSET,NA,7.8,1639.5,29.5,52.1,2.9,48,1956,79.5,7123,1.59,67.65,3.6,45.65,185,4705,79.5,64,7.859999999999999,81.84,51.75,0.18163,152
